ShipmentID,Origin,Destination,Distance_km,DeliveryTime_hr
SHP0000,Warehouse C,Retailer Z,34.975699851576266,3.7483570765056164
SHP0001,Factory B,Retailer X,45.78349560671067,3.430867849414408
SHP0002,Warehouse C,Retailer Z,76.96529790274283,3.8238442690503462
SHP0003,Warehouse C,Retailer Z,59.61264291900515,4.261514928204012
SHP0004,Factory A,Retailer Y,41.432315153258045,3.382923312638332
SHP0005,Factory B,Retailer X,58.58874172034238,3.3829315215254097
SHP0006,Factory B,Retailer Z,70.99033154879004,4.289606407753696
SHP0007,Factory B,Retailer Y,63.869505243691535,3.8837173645764542
SHP0008,Factory B,Retailer X,50.89445554880261,3.265262807032524
SHP0009,Warehouse C,Retailer X,40.295948334416394,3.7712800217929825
SHP0010,Factory B,Retailer Z,60.47334970420385,3.268291153593769
SHP0011,Warehouse C,Retailer X,55.90228078132624,3.2671351232148718
SHP0012,Warehouse C,Retailer Z,63.42789830041598,3.6209811357830173
SHP0013,Warehouse C,Retailer X,59.52757702522954,2.543359877671101
SHP0014,Factory B,Retailer Y,65.74329072979003,2.637541083743484
SHP0015,Factory A,Retailer Z,41.97147182659148,3.218856235379514
SHP0016,Factory A,Retailer Z,69.76091098451488,2.993584439832788
SHP0017,Factory B,Retailer X,52.96399407038599,3.657123666297637
SHP0018,Factory A,Retailer X,81.12891308937898,3.0459879622393946
SHP0019,Factory A,Retailer Z,39.66218272865648,2.793848149332354
SHP0020,Warehouse C,Retailer X,76.03945704747875,4.232824384460777
SHP0021,Warehouse C,Retailer Y,52.96866175193972,3.387111849756732
SHP0022,Factory B,Retailer X,40.22872994578327,3.533764102343962
SHP0023,Factory B,Retailer Y,42.741712489185176,2.787625906893272
SHP0024,Factory A,Retailer Y,45.1947903770852,3.2278086377374087
SHP0025,Warehouse C,Retailer Y,56.36248919602875,3.555461294854933
SHP0026,Factory B,Retailer Y,57.84253232053249,2.9245032112888487
SHP0027,Factory B,Retailer Y,41.394499940921314,3.6878490091728358
SHP0028,Factory B,Retailer X,49.634681116085254,3.1996806550405976
SHP0029,Factory B,Retailer Y,82.13405537917795,3.3541531251033616
SHP0030,Factory B,Retailer X,75.91314755151066,3.1991466938853015
SHP0031,Factory B,Retailer Y,56.54485504511048,4.426139092254469
SHP0032,Factory A,Retailer Z,50.570052172523006,3.493251387631033
SHP0033,Warehouse C,Retailer Y,51.80046990077392,2.9711445355220496
SHP0034,Warehouse C,Retailer Z,59.20276959095625,3.9112724560515946
SHP0035,Factory B,Retailer Y,34.658111522023916,2.889578175014489
SHP0036,Warehouse C,Retailer Y,46.139351938649824,3.604431797502378
SHP0037,Warehouse C,Retailer Y,24.97123889183616,2.520164938060112
SHP0038,Warehouse C,Retailer Z,55.98834683907919,2.8359069755507846
SHP0039,Factory B,Retailer Z,59.707939095541114,3.5984306179345618
SHP0040,Factory B,Retailer Y,42.75220306550939,3.8692332899977053
SHP0041,Warehouse C,Retailer X,73.6098014493505,3.585684140594985
SHP0042,Warehouse C,Retailer Y,31.613515054964882,3.44217585880588
SHP0043,Factory B,Retailer Z,28.034376796852698,3.3494481522053556
SHP0044,Factory A,Retailer Y,53.36677727839958,2.760739004816286
SHP0045,Warehouse C,Retailer Z,65.70647453918232,3.1400778958026456
SHP0046,Factory A,Retailer Z,75.25891537186803,3.269680614520106
SHP0047,Warehouse C,Retailer Z,43.1167360569659,4.028561113109458
SHP0048,Factory A,Retailer Y,66.18021250146944,3.6718091447842305
SHP0049,Factory A,Retailer Z,49.422372957489394,2.618479922318633
SHP0050,Factory A,Retailer Z,47.41059050088771,3.6620419846973977
SHP0051,Factory B,Retailer Y,63.25489906230008,3.3074588597918417
SHP0052,Factory A,Retailer Z,59.78484317620129,3.1615389998470205
SHP0053,Factory A,Retailer Y,26.354117645236258,3.805838144420434
SHP0054,Factory A,Retailer Z,72.14810524588844,4.015499761247975
SHP0055,Warehouse C,Retailer X,70.70137031221176,3.9656400595580994
SHP0056,Factory A,Retailer X,40.61655947735706,3.080391238388681
SHP0057,Warehouse C,Retailer Z,55.93705300156114,3.3453938120743927
SHP0058,Factory A,Retailer X,57.41045279424108,3.665631715701782
SHP0059,Factory A,Retailer Y,53.910106487358604,3.9877725635611796
SHP0060,Factory B,Retailer X,41.7454226923187,3.260412881077355
SHP0061,Warehouse C,Retailer Z,39.92564948092922,3.4071705116680913
SHP0062,Factory A,Retailer Z,49.61668893512832,2.946832512996986
SHP0063,Warehouse C,Retailer Y,67.59093528889048,2.9018966879596646
SHP0064,Warehouse C,Retailer Z,58.15400231891648,3.906262911197099
SHP0065,Factory B,Retailer Y,44.44078501870841,4.178120014285412
SHP0066,Factory B,Retailer X,61.57548065972517,3.463994939209833
SHP0067,Factory B,Retailer X,10.0,4.001766448946012
SHP0068,Factory B,Retailer Y,67.23148550558156,3.680818012523817
SHP0069,Factory B,Retailer Y,23.904293318328506,3.177440122697438
SHP0070,Factory B,Retailer Z,44.563385878953014,3.680697802754207
SHP0071,Factory B,Retailer X,33.20495158060784,4.269018283232985
SHP0072,Factory B,Retailer Y,30.579777864186415,3.482086980445024
SHP0073,Factory A,Retailer X,67.41240181067779,4.282321827907003
SHP0074,Warehouse C,Retailer Y,42.98448198032163,2.1901274479551276
SHP0075,Factory B,Retailer X,55.197558225960734,3.910951252187612
SHP0076,Factory B,Retailer Z,49.29619131681224,3.543523534119086
SHP0077,Warehouse C,Retailer X,57.15561240834682,3.3504963247670663
SHP0078,Factory A,Retailer X,51.15232836590383,3.545880388267751
SHP0079,Warehouse C,Retailer X,30.755116637171454,2.506215542699554
SHP0080,Warehouse C,Retailer X,64.94400229170711,3.390164056081244
SHP0081,Factory B,Retailer X,42.593651252580315,3.678556285755873
SHP0082,Warehouse C,Retailer Z,26.651271520103734,4.238947022370758
SHP0083,Warehouse C,Retailer Y,43.578272585511314,3.2408648908631763
SHP0084,Factory B,Retailer X,72.51139685951466,3.0957531985534064
SHP0085,Factory B,Retailer Z,62.753326131702394,3.249121478207732
SHP0086,Factory B,Retailer X,44.77021798388211,3.957701058851037
SHP0087,Factory B,Retailer X,44.76113443522357,3.6643755548298422
SHP0088,Warehouse C,Retailer Y,45.17547423173926,3.235119898116481
SHP0089,Warehouse C,Retailer X,81.15121975341262,3.756633716556678
SHP0090,Factory A,Retailer Z,55.7290317834733,3.5485387746740202
SHP0091,Factory A,Retailer Z,56.45062470786604,3.9843224952664444
SHP0092,Warehouse C,Retailer Y,65.45425181047763,3.148973453061324
SHP0093,Factory A,Retailer X,53.581837385397705,3.336168926701116
SHP0094,Warehouse C,Retailer Z,46.11436781268945,3.303945923433921
SHP0095,Factory A,Retailer X,47.05475226372533,2.7682425259339407
SHP0096,Factory B,Retailer X,48.92598110878904,3.648060138532288
SHP0097,Factory A,Retailer X,49.44166645235238,3.6305276360899446
SHP0098,Factory B,Retailer Y,60.9144431545547,3.5025567283212307
SHP0099,Factory B,Retailer X,50.77918828710949,3.3827064333124266
SHP0100,Factory B,Retailer Z,60.98960115823369,2.792314628974793
SHP0101,Factory B,Retailer X,48.78925129837126,3.2896773386173206
SHP0102,Factory A,Retailer Z,51.17952785474136,3.328642741736615
SHP0103,Warehouse C,Retailer X,20.026989732018386,3.0988613653891903
SHP0104,Factory B,Retailer Z,63.74491512053722,3.4193571441669954
SHP0105,Factory A,Retailer Z,55.19732713846989,3.702025428407269
SHP0106,Factory B,Retailer X,64.97015164789478,4.443092950605265
SHP0107,Factory A,Retailer X,10.0,3.5872889064159197
SHP0108,Factory A,Retailer Z,81.32562057171091,3.6287751953613823
SHP0109,Factory A,Retailer Y,47.90615557767239,3.462777042116916
SHP0110,Warehouse C,Retailer X,66.62274225106275,2.5406143923504794
SHP0111,Factory A,Retailer Y,34.401411093117034,3.4867430622753917
SHP0112,Factory A,Retailer X,59.191608575938545,3.530115104970513
SHP0113,Warehouse C,Retailer X,34.198766552395156,4.731621056242643
SHP0114,Warehouse C,Retailer X,40.64346558956292,3.403819517609439
SHP0115,Factory A,Retailer X,78.71047030800179,3.650773671166806
SHP0116,Warehouse C,Retailer Y,47.1397639885498,3.4826441151473784
SHP0117,Factory B,Retailer X,53.26149309769584,2.915660981190234
SHP0118,Factory B,Retailer Z,63.05101596033131,4.071411407257511
SHP0119,Warehouse C,Retailer Z,57.43522831958907,3.875966516343387
SHP0120,Warehouse C,Retailer Y,52.256283577153646,3.8955159735215235
SHP0121,Factory A,Retailer X,55.47441503699338,3.0453062726026303
SHP0122,Warehouse C,Retailer Z,86.05123377857413,4.201397155468049
SHP0123,Factory A,Retailer Y,49.13571804449622,2.7990744686038598
SHP0124,Factory B,Retailer X,53.016485700724516,3.793428546900135
SHP0125,Warehouse C,Retailer Z,65.75981594011418,4.595227812904989
SHP0126,Factory A,Retailer Z,66.58288899436975,3.004731837434656
SHP0127,Factory A,Retailer Y,67.8054545834057,3.216851135198614
SHP0128,Factory B,Retailer X,59.580953330437765,3.549825682543821
SHP0129,Warehouse C,Retailer X,32.854926309042746,3.2482621729419003
SHP0130,Factory B,Retailer Z,74.50147298451644,2.724668284466934
SHP0131,Factory A,Retailer Z,32.804819104719684,3.5342814874030135
SHP0132,Factory A,Retailer Z,54.5395319785855,2.9688481431369476
SHP0133,Warehouse C,Retailer X,38.68586224970963,3.736796215317591
SHP0134,Factory A,Retailer Y,49.03792480110511,3.0402878828830984
SHP0135,Warehouse C,Retailer Y,54.93143615455221,4.27496720250877
SHP0136,Factory B,Retailer X,54.8203582317541,3.1083733538318814
SHP0137,Warehouse C,Retailer Y,56.32881131352927,3.3389692418971624
SHP0138,Warehouse C,Retailer Z,74.20566903587971,3.906758608684835
SHP0139,Factory A,Retailer Y,56.803014522709695,2.8845678417830225
SHP0140,Factory A,Retailer Y,46.33765047064027,3.613729967302065
SHP0141,Warehouse C,Retailer Y,64.46130752432536,4.153571377141214
SHP0142,Factory A,Retailer Z,67.8420573338696,2.6962583827193862
SHP0143,Factory A,Retailer X,31.585882772945112,3.5923169292661523
SHP0144,Factory A,Retailer Z,58.96100104774787,3.629941397124212
SHP0145,Warehouse C,Retailer X,60.517591134663476,3.890911435888655
SHP0146,Factory A,Retailer X,45.53654744960012,2.881524644560959
SHP0147,Warehouse C,Retailer X,70.6356021996743,2.8397716934578616
SHP0148,Factory A,Retailer Y,47.7491661945121,3.7609707828084487
SHP0149,Factory B,Retailer Y,51.88364680207313,3.648492336616593
SHP0150,Factory A,Retailer X,47.40392263574196,3.6252464251729384
SHP0151,Factory A,Retailer X,50.23368571372201,3.673224104748488
SHP0152,Warehouse C,Retailer Y,33.55587369657197,3.1599876392107547
SHP0153,Warehouse C,Retailer Z,28.399236761085586,3.616126848580502
SHP0154,Factory A,Retailer X,73.91757594837458,3.646536236649341
SHP0155,Factory B,Retailer Z,37.29557977522508,3.142824290986816
SHP0156,Factory A,Retailer Y,35.129114758155396,4.432887255572378
SHP0157,Factory A,Retailer X,17.699148295944276,3.7369164604558938
SHP0158,Factory B,Retailer Z,40.41557378465747,2.904348251398676
SHP0159,Warehouse C,Retailer Z,30.153653098887524,3.828276804316915
SHP0160,Factory A,Retailer Z,74.63022740204553,3.0126591648863394
SHP0161,Warehouse C,Retailer Y,65.1472563401395,3.893542301871226
SHP0162,Warehouse C,Retailer Y,39.67774482233414,4.079297789503702
SHP0163,Factory B,Retailer Z,83.78653708016463,3.0896588408241445
SHP0164,Factory B,Retailer Z,64.72648230487391,3.981688064622161
SHP0165,Warehouse C,Retailer Y,45.12752924737066,3.706390463468249
SHP0166,Factory A,Retailer Z,12.508914276896405,3.911030079997245
SHP0167,Warehouse C,Retailer Z,84.36413858886112,4.448396491326974
SHP0168,Factory A,Retailer Y,29.15641299854606,3.3773059419985647
SHP0169,Factory A,Retailer Z,25.319018795646624,3.1231319178212553
SHP0170,Factory B,Retailer Z,65.3385564801446,3.0552427851872386
SHP0171,Factory A,Retailer Z,86.59628609508908,3.0920948575172806
SHP0172,Factory A,Retailer Y,70.76409227765777,3.461449145292948
SHP0173,Warehouse C,Retailer Z,58.45863680078539,3.670575987408322
SHP0174,Factory B,Retailer Y,58.92131512497929,3.6383453996650097
SHP0175,Factory A,Retailer Y,62.80123338170462,3.913591624518012
SHP0176,Factory A,Retailer X,61.38392884680148,3.5065009459389533
SHP0177,Factory B,Retailer X,54.21787135954064,4.226767038578658
SHP0178,Warehouse C,Retailer Z,51.56301655927814,3.367671583381022
SHP0179,Factory B,Retailer Y,49.06110308150716,4.860084583294809
SHP0180,Factory B,Retailer X,38.690531166999854,3.812833673882503
SHP0181,Factory A,Retailer Z,45.78987384699839,3.0714212217918586
SHP0182,Factory A,Retailer X,24.605647787069216,2.964553750969444
SHP0183,Warehouse C,Retailer X,48.52490559807875,3.7412362076215926
SHP0184,Factory A,Retailer Y,35.17113339273624,3.3882686073370745
SHP0185,Factory A,Retailer Y,33.44616024176344,3.857000247046046
SHP0186,Factory B,Retailer X,52.698412267302174,3.7366188122867725
SHP0187,Factory A,Retailer X,70.880034295169,3.4635855436715635
SHP0188,Warehouse C,Retailer Y,63.774749090034696,3.0766031409657977
SHP0189,Factory B,Retailer Z,26.442490945652345,2.742576387657068
SHP0190,Warehouse C,Retailer Y,35.15557795144494,3.2767425239664894
SHP0191,Factory B,Retailer X,64.11156781982324,3.928199397161736
SHP0192,Factory A,Retailer Z,35.26268909692536,3.607046872065102
SHP0193,Factory B,Retailer X,46.63050275004463,2.8771306106440058
SHP0194,Factory B,Retailer Z,58.25078148536828,3.586590462925591
SHP0195,Factory A,Retailer X,35.47483317704547,3.6926586898644183
SHP0196,Factory A,Retailer Z,51.580632592189396,3.0580712818994336
SHP0197,Warehouse C,Retailer Z,29.989617576226934,3.576862552972764
SHP0198,Warehouse C,Retailer X,40.9794853407318,3.529104359223
SHP0199,Factory A,Retailer Z,54.79672901213806,2.9285148510846883
SHP0200,Factory A,Retailer Y,26.105093997024962,3.6788936801741414
SHP0201,Factory A,Retailer X,56.607121069405984,3.780392263184117
SHP0202,Factory B,Retailer Y,49.70543301609978,4.041525621587638
SHP0203,Factory B,Retailer X,58.28734931625722,4.026901026017452
SHP0204,Factory B,Retailer Z,53.358712010969924,2.8111653160214543
SHP0205,Factory A,Retailer Z,70.46210644960766,3.0310874800424386
SHP0206,Warehouse C,Retailer Z,51.87836753971861,3.75751763360433
SHP0207,Factory A,Retailer X,43.558916883121206,3.7568929754561045
SHP0208,Factory B,Retailer Y,51.83446254548426,3.757523843153024
SHP0209,Factory B,Retailer Y,58.14947043554582,5.0
SHP0210,Factory A,Retailer X,50.732901054885566,3.7854452553465836
SHP0211,Factory A,Retailer X,50.608875368058236,4.067782820090299
SHP0212,Factory B,Retailer Y,39.47012468289867,3.9770008817466014
SHP0213,Factory B,Retailer Y,40.05648623673578,3.825695625652899
SHP0214,Factory B,Retailer Y,28.960920923004597,3.342365377679827
SHP0215,Factory A,Retailer Y,76.24365114780409,3.879484610246634
SHP0216,Factory B,Retailer X,31.342051469130723,3.113587392731214
SHP0217,Factory B,Retailer X,39.60642203306139,3.3815906966299956
SHP0218,Warehouse C,Retailer Z,39.22389101646204,3.2573182260854483
SHP0219,Factory A,Retailer Y,63.42386565416662,3.5409370696931615
SHP0220,Warehouse C,Retailer Z,45.57575482561958,4.657329283336754
SHP0221,Warehouse C,Retailer X,68.716131090106,2.5663674037041257
SHP0222,Factory B,Retailer X,39.897640636341976,3.8431300951872567
SHP0223,Factory A,Retailer Z,54.18491243335703,2.693642064405174
SHP0224,Factory B,Retailer Y,37.46979420110364,3.264034067105283
SHP0225,Factory A,Retailer Y,82.17723691660083,4.044475298483683
SHP0226,Warehouse C,Retailer Y,32.18602371455731,3.5321400095477316
SHP0227,Factory A,Retailer Y,54.64731065340541,2.961127611035347
SHP0228,Factory B,Retailer Z,59.50665321398148,3.1423481453700157
SHP0229,Factory B,Retailer Z,56.20698646177247,3.8397988744673377
SHP0230,Factory B,Retailer X,47.220685116834375,3.1348166841414318
SHP0231,Factory A,Retailer Y,48.05268950399861,3.6082292947909873
SHP0232,Warehouse C,Retailer Y,50.657172079686646,3.522785919951907
SHP0233,Warehouse C,Retailer Y,47.79496997557267,3.1741998261970914
SHP0234,Factory A,Retailer Z,64.45818675192365,4.571972044662663
SHP0235,Factory B,Retailer Y,83.15784502387027,3.8169595111590056
SHP0236,Warehouse C,Retailer Z,41.637623224882496,2.4874287066711966
SHP0237,Factory B,Retailer Y,29.452955306313832,3.593227157384714
SHP0238,Factory A,Retailer Y,48.67576927473118,3.169106767615806
SHP0239,Factory B,Retailer X,88.69564006481477,3.926216667398112
SHP0240,Warehouse C,Retailer Y,37.944881480454036,3.10373963078365
SHP0241,Warehouse C,Retailer Y,74.58675208166102,3.4426317792665504
SHP0242,Factory B,Retailer X,75.1655122111466,3.7524936394902286
SHP0243,Factory A,Retailer Z,41.69617637438008,3.932877597085061
SHP0244,Factory B,Retailer Z,58.534746187779135,2.8998517964721118
SHP0245,Factory A,Retailer Y,74.42594934692806,3.332749382079526
SHP0246,Factory B,Retailer Z,44.313083885187694,3.2625273444195217
SHP0247,Warehouse C,Retailer Y,46.946294598464576,3.173335383713144
SHP0248,Factory A,Retailer X,41.274786290770344,4.382727120140548
SHP0249,Factory A,Retailer X,34.778649039607,3.7024908554804776
SHP0250,Factory A,Retailer Y,40.26083682400989,2.8695580228324773
SHP0251,Warehouse C,Retailer X,31.64089599856615,3.958930973527388
SHP0252,Factory B,Retailer X,50.51125202388839,4.561078098506316
SHP0253,Warehouse C,Retailer Y,38.450401534120374,4.0162326302755735
SHP0254,Factory A,Retailer Y,53.50678867686121,2.7403150170229935
SHP0255,Factory B,Retailer X,26.66156530694559,3.2578829635668742
SHP0256,Warehouse C,Retailer Z,54.96320348321686,4.133455574593311
SHP0257,Factory A,Retailer Z,62.50293442413387,3.1461652671906095
SHP0258,Factory A,Retailer Y,20.093965361428168,3.721909714073114
SHP0259,Warehouse C,Retailer Y,55.61084854771358,3.887317026714668
SHP0260,Warehouse C,Retailer Z,68.41503488709938,3.0365347642109586
SHP0261,Warehouse C,Retailer X,31.855384719631918,3.4702373219691
SHP0262,Factory A,Retailer Z,75.08858580256555,2.0
SHP0263,Warehouse C,Retailer Z,56.28528514049068,2.987806179332855
SHP0264,Factory A,Retailer Z,39.424822163623865,3.37371592430342
SHP0265,Warehouse C,Retailer Z,49.16346383513441,2.8761084090175753
SHP0266,Factory A,Retailer Y,58.374903687825835,4.316205651965817
SHP0267,Factory A,Retailer Y,51.14008087118617,2.7849293110196838
SHP0268,Factory B,Retailer X,58.08133988669554,3.2799777566515083
SHP0269,Warehouse C,Retailer X,36.1898961038095,3.5653702886430456
SHP0270,Warehouse C,Retailer X,52.54041236054117,4.220636644533058
SHP0271,Factory A,Retailer X,28.794282546425297,2.7820689244102805
SHP0272,Factory A,Retailer Z,48.33160907976949,4.08158187607748
SHP0273,Factory A,Retailer Y,36.44138537802815,3.5051165305097935
SHP0274,Factory B,Retailer Y,38.9670508611535,3.0092456744760243
SHP0275,Factory B,Retailer X,68.54139762815656,3.731051737131635
SHP0276,Factory A,Retailer X,66.36965180891403,3.599529847786735
SHP0277,Warehouse C,Retailer Z,59.137071813607655,3.1998915614206025
SHP0278,Warehouse C,Retailer Z,33.61530852991132,3.5349010424950094
SHP0279,Factory B,Retailer X,45.25387325457797,3.30734320156912
SHP0280,Factory B,Retailer Y,68.19646549968775,3.556758672625624
SHP0281,Factory A,Retailer Y,52.12575370459857,3.8310653372605232
SHP0282,Warehouse C,Retailer Y,84.7899430997254,4.2930084080726765
SHP0283,Factory A,Retailer X,55.89976759091558,2.8810922505865753
SHP0284,Factory B,Retailer Y,52.880736747350475,4.566516687328133
SHP0285,Warehouse C,Retailer Z,45.363253036962476,2.523956100238749
SHP0286,Warehouse C,Retailer Z,52.00311357173423,3.4241074524822084
SHP0287,Factory B,Retailer X,47.712952454291845,3.7941586032422885
SHP0288,Factory A,Retailer Z,60.621630150328855,3.6404959338675162
SHP0289,Factory A,Retailer X,64.35053475191876,3.188650240089703
SHP0290,Warehouse C,Retailer Y,38.21015809238076,3.3959388748213626
SHP0291,Factory B,Retailer Y,30.031505696633328,3.253499532670584
SHP0292,Warehouse C,Retailer Y,22.456919403450552,3.205317621527894
SHP0293,Factory B,Retailer Z,57.619869903688155,3.9248010485105125
SHP0294,Factory A,Retailer X,33.449500907391894,3.6785077429825237
SHP0295,Factory B,Retailer Y,17.706641105712755,3.153545202369673
SHP0296,Factory A,Retailer X,55.82867906796446,3.9497999377166253
SHP0297,Factory B,Retailer Y,87.39499276149186,3.6536497604383045
SHP0298,Warehouse C,Retailer Z,49.9089363269016,3.90643105941948
SHP0299,Factory A,Retailer Z,62.577361616774624,3.814814420961806
SHP0300,Warehouse C,Retailer X,51.22744037821347,3.085502494538964
SHP0301,Warehouse C,Retailer Z,48.51665520213286,3.2199094799015153
SHP0302,Factory A,Retailer Z,63.786147244816526,3.873646802561631
SHP0303,Factory A,Retailer X,45.64588183717023,3.8051851327167325
SHP0304,Warehouse C,Retailer Y,54.010884711078546,3.489549203017926
SHP0305,Warehouse C,Retailer Z,54.8254670929402,3.558663691654391
SHP0306,Warehouse C,Retailer X,39.978643195354266,4.138832447894212
SHP0307,Warehouse C,Retailer Z,64.88063524304785,3.204214305582085
SHP0308,Factory A,Retailer Z,47.37560364956887,3.773548690585019
SHP0309,Factory A,Retailer Z,38.66382260760733,3.398903673783053
SHP0310,Warehouse C,Retailer Z,58.047647653556055,3.3911593983863897
SHP0311,Factory B,Retailer X,36.52298027313444,4.049388425993595
SHP0312,Factory B,Retailer X,50.42271736053692,3.912708174494015
SHP0313,Factory A,Retailer X,49.86321505033695,3.9067548180003193
SHP0314,Warehouse C,Retailer Z,66.28843348747367,4.152739403577165
SHP0315,Warehouse C,Retailer Z,57.12047349319929,3.5105019208163797
SHP0316,Factory A,Retailer Z,49.624595618822845,3.8409764856474817
SHP0317,Factory B,Retailer X,62.266494488004305,3.344866621703272
SHP0318,Factory B,Retailer Z,70.8531132352597,3.662083176244221
SHP0319,Factory B,Retailer Y,58.36715459527793,3.4349284728161575
SHP0320,Factory A,Retailer Z,50.15528929765071,3.548497982496359
SHP0321,Factory B,Retailer Y,30.322456514747607,3.7975785127184567
SHP0322,Factory A,Retailer Z,34.02329505386941,3.0908896583832637
SHP0323,Factory A,Retailer X,45.421629434679986,4.54619363784273
SHP0324,Warehouse C,Retailer Z,40.85731696761076,2.996991309250149
SHP0325,Factory B,Retailer Y,47.19543045521831,2.892905693606134
SHP0326,Factory A,Retailer Y,50.849748873456605,4.079055436750034
SHP0327,Factory B,Retailer Z,57.94539131535096,3.895831346981468
SHP0328,Factory B,Retailer Y,48.94251832911363,3.8120599085260776
SHP0329,Warehouse C,Retailer Y,57.297524657393026,3.81417275463214
SHP0330,Factory B,Retailer X,50.9671162221518,3.4938766135765427
SHP0331,Warehouse C,Retailer Z,20.368001504691932,3.051372814257084
SHP0332,Factory A,Retailer Z,35.90996909271868,3.5379022790968633
SHP0333,Factory B,Retailer Z,47.83868666417577,3.1614191442439443
SHP0334,Factory A,Retailer Y,31.854578857383387,3.9875598667088754
SHP0335,Factory B,Retailer Z,58.998930949943066,3.4264713092489307
SHP0336,Factory A,Retailer Z,72.96126248515546,3.0872514016037442
SHP0337,Factory B,Retailer X,68.28142777545975,3.339307079173503
SHP0338,Factory B,Retailer X,46.79835693604688,3.7064657271378123
SHP0339,Factory B,Retailer X,72.36089205274928,3.2181377235980126
SHP0340,Factory B,Retailer Y,52.23001185803167,3.088889802216784
SHP0341,Factory B,Retailer Z,44.94371043322941,3.621843605745956
SHP0342,Factory B,Retailer X,40.7989600468859,3.6224832855543614
SHP0343,Factory B,Retailer X,45.462954702678076,3.246528412314435
SHP0344,Factory B,Retailer X,44.17734772188157,3.2644808471908386
SHP0345,Factory B,Retailer Z,52.55624333563232,3.616024968678818
SHP0346,Factory A,Retailer Z,52.40860971574797,2.775957829251338
SHP0347,Warehouse C,Retailer Z,50.04569030230122,2.796268112811722
SHP0348,Factory B,Retailer Y,56.55407254619525,3.140777889373782
SHP0349,Warehouse C,Retailer Y,67.85969412179512,3.3932764241440765
SHP0350,Factory B,Retailer X,64.24331203161985,3.655453782799002
SHP0351,Factory B,Retailer Z,27.726530473251447,4.237678108474776
SHP0352,Factory A,Retailer X,11.691182976470678,3.92882981160101
SHP0353,Factory A,Retailer Z,64.01479866858911,3.4200307350182864
SHP0354,Warehouse C,Retailer Z,29.496819523768682,3.4904918960486557
SHP0355,Factory A,Retailer Z,46.62851897160975,2.9987353176810956
SHP0356,Factory A,Retailer Y,32.448304609109606,3.490743432003805
SHP0357,Warehouse C,Retailer Y,22.970293436299706,3.355670680539931
SHP0358,Factory A,Retailer Z,58.12194092307182,3.661359280169045
SHP0359,Factory B,Retailer X,61.387327404539704,3.0863845282238387
SHP0360,Warehouse C,Retailer Z,41.35234398909921,3.759673257120586
SHP0361,Warehouse C,Retailer Z,11.134365617826354,4.266369456501289
SHP0362,Factory B,Retailer X,41.806333276212754,3.445619925771571
SHP0363,Factory A,Retailer Z,55.877060081038195,3.7008558610494706
SHP0364,Warehouse C,Retailer X,27.81632646838807,3.845071995855556
SHP0365,Warehouse C,Retailer Y,52.750398796687335,3.2993897640570817
SHP0366,Factory B,Retailer Y,49.77035226240507,3.6120462409052085
SHP0367,Factory B,Retailer X,58.689372494016325,3.5062962003908975
SHP0368,Factory A,Retailer Y,51.7937055262123,3.548838049274416
SHP0369,Warehouse C,Retailer Y,35.40396588677667,3.1134951080722666
SHP0370,Factory A,Retailer X,67.94857252496737,3.5122550871294713
SHP0371,Factory A,Retailer Y,47.62205640459545,3.748999145622725
SHP0372,Factory B,Retailer Z,49.590431907351025,4.2255718038975205
SHP0373,Warehouse C,Retailer Z,36.00098061390206,3.9796354130426033
SHP0374,Warehouse C,Retailer X,43.35076623212734,4.576591228755778
SHP0375,Warehouse C,Retailer Y,36.727959289596484,3.116326218555975
SHP0376,Factory B,Retailer Z,47.405809101148655,3.936160318360339
SHP0377,Factory B,Retailer Z,75.67562720213516,3.591671002869176
SHP0378,Factory B,Retailer Y,29.421482856029655,4.594901466608836
SHP0379,Factory B,Retailer Y,25.796579031848882,3.095850857322424
SHP0380,Factory B,Retailer Z,72.06755491240412,3.080139078909612
SHP0381,Warehouse C,Retailer Z,46.86014484272201,3.200303677277989
SHP0382,Factory A,Retailer X,39.963908920101254,2.4380521378450966
SHP0383,Warehouse C,Retailer X,65.59857031094114,3.2371224891596193
SHP0384,Factory A,Retailer Z,40.91576690394704,3.120433669223151
SHP0385,Factory B,Retailer X,77.39014570320404,3.575196893238104
SHP0386,Factory A,Retailer Z,60.16888807008904,3.6708779878885798
SHP0387,Warehouse C,Retailer Z,42.68132887781446,4.438085419607943
SHP0388,Warehouse C,Retailer X,82.35962319898255,3.975211919093025
SHP0389,Factory A,Retailer X,40.914276154949924,3.2115481721687984
SHP0390,Factory B,Retailer Y,61.13143058013961,3.050792664325821
SHP0391,Factory B,Retailer Y,54.48938870609738,3.745959585753253
SHP0392,Warehouse C,Retailer Y,69.52611934098198,2.839883396489679
SHP0393,Factory A,Retailer Z,73.42266795090279,4.415729382927177
SHP0394,Factory B,Retailer X,50.4800622359865,4.089720060360643
SHP0395,Factory B,Retailer Z,38.69873194480725,3.265412173947648
SHP0396,Warehouse C,Retailer X,56.89958214408675,2.643432735454561
SHP0397,Factory B,Retailer Z,39.834269453718406,4.176936187082706
SHP0398,Factory A,Retailer Y,80.20080871289935,3.442730077373691
SHP0399,Warehouse C,Retailer Y,52.04802996624106,4.11890815598673
SHP0400,Warehouse C,Retailer Y,44.52017673031837,2.7027861706028165
SHP0401,Factory A,Retailer Z,52.77020458797362,3.200312488523114
SHP0402,Warehouse C,Retailer X,29.793105657054554,3.5026218498590915
SHP0403,Factory B,Retailer X,35.42578942234023,3.523490296882371
SHP0404,Factory B,Retailer Y,68.00620861916639,3.274967264260378
SHP0405,Factory A,Retailer Y,40.14658581542906,3.8114249661737496
SHP0406,Factory B,Retailer Y,34.296335259770906,2.966189785308703
SHP0407,Factory A,Retailer Y,58.049791287909294,3.4288102574893533
SHP0408,Factory A,Retailer X,67.78556231994496,3.5601478158559496
SHP0409,Factory B,Retailer Z,60.784299659976,3.7572194170293747
SHP0410,Factory A,Retailer Z,64.94071528708724,3.855807439044445
SHP0411,Factory B,Retailer Z,38.64807367145809,2.9376789540810653
SHP0412,Warehouse C,Retailer Z,28.672839998872345,2.732942914632189
SHP0413,Warehouse C,Retailer Y,72.5200047793323,4.138838410949255
SHP0414,Factory A,Retailer Y,45.15980241736796,3.666157005989796
SHP0415,Factory B,Retailer Y,46.23750475317429,3.125756731721723
SHP0416,Factory B,Retailer Z,69.92291212773587,4.275575987761261
SHP0417,Warehouse C,Retailer Y,58.343450141009896,3.5578373171464293
SHP0418,Warehouse C,Retailer Y,56.83831658122411,4.089648592031914
SHP0419,Factory B,Retailer X,82.47503517351626,3.5337592407050544
SHP0420,Factory A,Retailer X,40.347226544297854,4.5303739624409936
SHP0421,Warehouse C,Retailer Y,63.917601921218555,4.377670421221602
SHP0422,Factory A,Retailer X,50.855196873456265,3.3755179257604633
SHP0423,Factory A,Retailer X,54.02888418294886,3.9857854754771775
SHP0424,Warehouse C,Retailer Y,72.92702639618798,3.822687974792574
SHP0425,Factory A,Retailer Y,57.61753634434436,4.184315778766174
SHP0426,Factory A,Retailer Y,58.07444118574449,3.0175382697099478
SHP0427,Factory B,Retailer Y,66.08761005964703,3.8430257299992197
SHP0428,Factory A,Retailer Z,44.52570905685672,4.029212243424794
SHP0429,Factory B,Retailer Z,37.4118549899149,2.6206302567884427
SHP0430,Warehouse C,Retailer Y,34.327862089684494,2.9083707436671125
SHP0431,Warehouse C,Retailer X,20.504651159359973,2.48038391111995
SHP0432,Factory B,Retailer Y,80.84310694910484,3.365296582777721
SHP0433,Warehouse C,Retailer Y,33.451874514174754,3.858771127897981
SHP0434,Factory A,Retailer X,46.68119564621342,4.251178526048014
SHP0435,Factory A,Retailer Z,45.84780050166619,3.537047390209888
SHP0436,Factory A,Retailer Y,54.61110046713651,4.314307772785646
SHP0437,Warehouse C,Retailer Y,62.23605818808945,2.809949270892554
SHP0438,Factory A,Retailer Z,62.90710232539618,2.648308780322423
SHP0439,Warehouse C,Retailer Z,41.25383842146592,3.4722261505516907
SHP0440,Factory A,Retailer X,47.49317429320383,3.692032724469654
SHP0441,Factory B,Retailer Z,54.2386992573245,3.4836526259529537
SHP0442,Warehouse C,Retailer Z,46.2696331072468,2.4662789499800617
SHP0443,Warehouse C,Retailer Z,74.1101836402999,3.455439980243606
SHP0444,Factory A,Retailer X,57.36462427457377,2.8477652497475736
SHP0445,Warehouse C,Retailer Z,61.02316679074726,3.8348362744150193
SHP0446,Warehouse C,Retailer Z,59.94321903001119,3.683299123048424
SHP0447,Factory B,Retailer X,67.60210786227987,3.030060106836322
SHP0448,Factory B,Retailer Z,52.7153233805556,3.243066541331653
SHP0449,Factory A,Retailer Z,30.547520780662303,2.9703932390555243
SHP0450,Factory B,Retailer X,55.99531927628962,3.468660451363414
SHP0451,Factory A,Retailer Y,40.22964659312257,3.977571160250619
SHP0452,Factory A,Retailer X,42.07074977375365,3.007136976832228
SHP0453,Factory A,Retailer Z,58.7954602813264,3.752023257758922
SHP0454,Warehouse C,Retailer Z,68.57424607150453,3.2348711908137795
SHP0455,Factory B,Retailer Z,50.319073651040924,3.103563583868828
SHP0456,Factory A,Retailer X,54.63249518898446,3.446484820022721
SHP0457,Factory B,Retailer Z,75.53322416952857,2.982378838790313
SHP0458,Factory A,Retailer Z,53.61129769232853,3.223175347326409
SHP0459,Factory B,Retailer X,89.02524671270592,2.901061053705576
SHP0460,Factory B,Retailer Y,58.482644684473165,4.482362566458194
SHP0461,Factory A,Retailer Y,23.588558612662734,3.517631775985864
SHP0462,Warehouse C,Retailer Z,61.30012431656799,3.150137246003707
SHP0463,Factory B,Retailer X,55.71737577324167,3.606989955367111
SHP0464,Warehouse C,Retailer Z,69.34629131124119,3.443835975154585
SHP0465,Warehouse C,Retailer X,60.097720269049375,3.3895152002333884
SHP0466,Factory A,Retailer X,47.92316024024339,3.8070833500217125
SHP0467,Factory A,Retailer Y,31.635526455659512,3.8787538550236524
SHP0468,Factory A,Retailer Y,46.86465114070962,3.2347494261947363
SHP0469,Factory B,Retailer X,37.2421931868605,3.21209087967766
SHP0470,Factory A,Retailer Z,41.29214825292916,3.362474151424178
SHP0471,Factory A,Retailer Y,58.82867606630914,2.3490394176322074
SHP0472,Factory B,Retailer Z,75.0485675652711,2.742404468900724
SHP0473,Factory B,Retailer Y,55.920072947344714,4.183437133722262
SHP0474,Factory A,Retailer Y,32.06175406947224,4.322483856750642
SHP0475,Factory A,Retailer Z,56.66904002330211,3.375481980221811
SHP0476,Factory A,Retailer Y,67.94947229968477,3.7882784815278834
SHP0477,Factory A,Retailer Y,40.85325643520927,3.655625077271768
SHP0478,Warehouse C,Retailer Z,47.989742499906235,5.0
SHP0479,Warehouse C,Retailer Y,50.22032292093795,4.059787455717288
SHP0480,Factory A,Retailer Y,38.2265253037664,3.4360412042596167
SHP0481,Warehouse C,Retailer Y,59.72420650765788,3.0222297796997872
SHP0482,Factory B,Retailer Z,48.18577777088328,2.6967768398712137
SHP0483,Warehouse C,Retailer X,56.292986658605415,3.6017318179336115
SHP0484,Warehouse C,Retailer Z,36.6876173329685,3.1218246273578485
SHP0485,Factory A,Retailer X,43.438125495148846,2.788873145201163
SHP0486,Warehouse C,Retailer Y,60.83572036741657,3.176713557878737
SHP0487,Warehouse C,Retailer X,44.4075027186235,2.9592259981928026
SHP0488,Warehouse C,Retailer Z,75.90445776850108,4.343570817536282
SHP0489,Warehouse C,Retailer Z,44.005457215780964,3.9408198784747253
SHP0490,Factory B,Retailer Y,53.37027088627829,3.4960136793416914
SHP0491,Factory A,Retailer X,63.98886247809635,4.239972069445013
SHP0492,Factory A,Retailer Y,28.724514006004526,3.538684153823809
SHP0493,Factory B,Retailer Y,23.587867820288363,3.069357899335868
SHP0494,Warehouse C,Retailer Z,27.11515528144858,4.261562038634828
SHP0495,Factory B,Retailer X,68.93876155140774,3.7694550218423295
SHP0496,Warehouse C,Retailer X,41.7221278116133,2.981376922836772
SHP0497,Factory B,Retailer X,88.37298928502378,3.4048306609581958
SHP0498,Factory A,Retailer X,41.53628602013917,3.0621908733076215
SHP0499,Factory A,Retailer Y,52.768269547955555,2.8086001345178317
SHP0500,Factory A,Retailer Y,73.13164928851813,3.9630887737658207
SHP0501,Warehouse C,Retailer Z,80.09139332238684,4.454708320235065
SHP0502,Warehouse C,Retailer Y,80.92255364954596,2.8007162130904293
SHP0503,Factory B,Retailer Y,68.12549345889714,3.7814846183452855
SHP0504,Factory B,Retailer Z,65.36093788717193,3.1746787154390868
SHP0505,Factory A,Retailer Z,58.88790423801775,3.256437308117652
SHP0506,Warehouse C,Retailer Z,61.675416142499564,3.2038030378805655
SHP0507,Factory B,Retailer Y,41.732214255071995,3.068004615160092
SHP0508,Warehouse C,Retailer Y,37.72701674866539,3.5242608139724134
SHP0509,Warehouse C,Retailer Z,49.94938313883572,3.084524941794481
SHP0510,Factory A,Retailer Z,47.447230662126074,3.6352284128899193
SHP0511,Factory A,Retailer Z,43.201579260090874,3.4748809452754315
SHP0512,Warehouse C,Retailer Y,60.44581171185073,3.380525976566795
SHP0513,Warehouse C,Retailer Y,64.32957812855766,3.046218168979201
SHP0514,Warehouse C,Retailer X,51.32610329437771,3.2116143347158337
SHP0515,Warehouse C,Retailer Y,72.16295121582893,3.877695612912878
SHP0516,Factory A,Retailer Y,32.87466328799742,3.7504585938121906
SHP0517,Factory B,Retailer Y,47.095108110804226,3.0112223776007245
SHP0518,Factory A,Retailer Z,39.247665190957925,3.5496661527146127
SHP0519,Factory B,Retailer Y,22.0019507439041,3.8756935616858943
SHP0520,Warehouse C,Retailer Z,48.75978971235951,2.665297359439314
SHP0521,Factory B,Retailer X,48.17378737425075,3.7716800961899675
SHP0522,Factory A,Retailer X,72.70174614863197,3.1686881205270767
SHP0523,Factory A,Retailer Z,59.462175268321666,3.7852993342965795
SHP0524,Warehouse C,Retailer Z,34.63719763506192,3.1183704217287413
SHP0525,Factory A,Retailer Z,77.81138849501282,2.5975589496677403
SHP0526,Warehouse C,Retailer Y,68.31550543288029,2.6862287810584187
SHP0527,Factory A,Retailer X,58.731465552029235,3.524042473330691
SHP0528,Factory A,Retailer Z,46.60273851725252,3.629861250860741
SHP0529,Warehouse C,Retailer Y,35.6084114491478,3.0478416874477956
SHP0530,Factory B,Retailer X,44.416898358934205,3.819296229388687
SHP0531,Factory A,Retailer Y,66.33122929556279,2.66923996886552
SHP0532,Factory B,Retailer X,78.26879458901914,3.4669601006763417
SHP0533,Factory A,Retailer Y,73.14865292408284,2.894491900118772
SHP0534,Factory A,Retailer X,42.667258673205886,3.1740819460989202
SHP0535,Factory A,Retailer X,33.205738500664836,3.523699335658207
SHP0536,Factory A,Retailer Y,52.113293703668056,3.0697933173580236
SHP0537,Factory B,Retailer Z,23.473409516557226,3.3077222278850873
SHP0538,Factory B,Retailer X,54.847515712771724,4.00314640460722
SHP0539,Factory A,Retailer Z,47.78596120551997,3.211554065238426
SHP0540,Factory A,Retailer Y,43.00945247197637,3.917846056032571
SHP0541,Factory B,Retailer Z,26.07945399099807,2.935146572671191
SHP0542,Warehouse C,Retailer Z,57.704001598545744,3.7649020889576414
SHP0543,Warehouse C,Retailer Z,42.009487405071326,4.22078431032895
SHP0544,Factory B,Retailer Z,32.451247464345684,2.2641777499363553
SHP0545,Factory A,Retailer Z,10.0,3.1015523722647615
SHP0546,Factory A,Retailer X,49.58727642424046,3.78853606359027
SHP0547,Warehouse C,Retailer X,76.58377395004617,3.3984773069785037
SHP0548,Warehouse C,Retailer X,74.91888821821806,3.6855729366856544
SHP0549,Factory B,Retailer Y,43.14355615120592,3.19800740664209
SHP0550,Warehouse C,Retailer Z,40.966819094573296,3.54329489373645
SHP0551,Factory B,Retailer X,57.031613841125356,3.42216138230396
SHP0552,Warehouse C,Retailer Y,35.02421841217563,4.0838910308299035
SHP0553,Warehouse C,Retailer X,54.52687849729199,3.6272104216506067
SHP0554,Warehouse C,Retailer X,61.491204175770356,3.668801331037601
SHP0555,Factory A,Retailer Z,68.40399835826462,3.294061516938766
SHP0556,Factory A,Retailer Y,48.49768885280071,3.2561968879637533
SHP0557,Factory A,Retailer Z,46.94489374734551,3.2837209060901897
SHP0558,Warehouse C,Retailer Z,36.830261198651584,3.6972260711891485
SHP0559,Factory B,Retailer X,37.5967946894021,3.2895077595898687
SHP0560,Factory B,Retailer Z,46.602816621477096,3.6448874284482065
SHP0561,Factory B,Retailer Y,55.510482602242675,4.53770039932272
SHP0562,Factory B,Retailer Z,63.703769393498746,3.9355623517158462
SHP0563,Factory A,Retailer Z,37.95231573979483,3.3369882339160792
SHP0564,Factory A,Retailer Z,72.39032853439282,4.100606961081972
SHP0565,Warehouse C,Retailer X,45.93314598436147,3.295962313489224
SHP0566,Warehouse C,Retailer Y,49.67949058477346,2.480937732411073
SHP0567,Factory B,Retailer X,38.79182481278265,2.995956844541298
SHP0568,Factory A,Retailer X,13.636396095905873,2.5646040394870724
SHP0569,Factory B,Retailer X,63.26068094541574,3.3242432579793455
SHP0570,Warehouse C,Retailer X,61.0526584563865,3.5092091895947757
SHP0571,Warehouse C,Retailer X,45.780086643226795,4.3382186561376415
SHP0572,Factory B,Retailer Y,51.00486075837308,3.663463686882081
SHP0573,Warehouse C,Retailer Z,57.73908826556149,3.390449735595568
SHP0574,Factory B,Retailer X,26.56181214670186,3.9147027905917446
SHP0575,Factory A,Retailer X,42.06420983980558,2.3944323454960577
SHP0576,Factory B,Retailer Y,61.913970194327405,3.617807279054283
SHP0577,Factory A,Retailer Y,31.18565865246126,3.8854325969434833
SHP0578,Factory A,Retailer Z,54.40336898249944,2.760706877110079
SHP0579,Warehouse C,Retailer Y,29.651272930648926,4.0718770216034645
SHP0580,Warehouse C,Retailer Z,56.996449736502896,3.669248203747207
SHP0581,Warehouse C,Retailer X,49.465377765537745,3.2923560430495993
SHP0582,Factory B,Retailer X,25.77302276141736,3.8163909330531425
SHP0583,Factory B,Retailer Z,67.47109031685757,4.6353464289021975
SHP0584,Warehouse C,Retailer Y,38.981126348029264,3.5909331275292478
SHP0585,Factory B,Retailer Z,37.84621344478428,3.624110293150168
SHP0586,Warehouse C,Retailer Y,53.008537958464146,3.270319550229878
SHP0587,Factory B,Retailer X,67.22956024143073,3.075077815267604
SHP0588,Factory A,Retailer Y,34.762672715324044,3.9151679082721227
SHP0589,Factory A,Retailer Z,50.92519774771957,3.0719580870455663
SHP0590,Warehouse C,Retailer Z,56.432247504958596,3.535783118609696
SHP0591,Factory B,Retailer X,60.39658410894716,3.261171276617442
SHP0592,Factory B,Retailer Y,52.64662332915838,3.739489912873196
SHP0593,Factory A,Retailer Y,44.494582413750166,3.666831052643474
SHP0594,Factory A,Retailer Y,37.5861466902692,4.01876997212895
SHP0595,Warehouse C,Retailer X,51.292158245695624,3.2449918005726266
SHP0596,Factory A,Retailer Y,33.9179148202159,3.3650625323533143
SHP0597,Warehouse C,Retailer Z,10.0,3.0106181421088465
SHP0598,Factory A,Retailer Y,56.54839706236502,3.277853369961944
SHP0599,Factory A,Retailer X,63.55902261629293,3.688650246522426
SHP0600,Factory B,Retailer Y,14.556013466872422,3.8784943083226757
SHP0601,Factory A,Retailer Y,34.854039429350934,3.038917337911187
SHP0602,Factory A,Retailer Z,59.287313915077966,3.93480296005283
SHP0603,Warehouse C,Retailer Y,80.86243204567548,4.177818929402475
SHP0604,Factory A,Retailer Z,50.31190561513112,3.7067174516118504
SHP0605,Warehouse C,Retailer Z,39.07995588156298,4.438397906279033
SHP0606,Factory A,Retailer X,47.256553383427395,3.1131054004482133
SHP0607,Factory A,Retailer Z,70.62314628722277,2.8776726483442916
SHP0608,Warehouse C,Retailer Z,40.310537313131974,2.610639875547861
SHP0609,Factory B,Retailer X,38.0121199002462,4.248022155744591
SHP0610,Warehouse C,Retailer Z,42.758847167269515,3.827182828177029
SHP0611,Warehouse C,Retailer X,35.70007087611931,3.4722076645447726
SHP0612,Warehouse C,Retailer Y,51.84005473992193,3.63998431315991
SHP0613,Factory B,Retailer X,74.3701768770434,2.9372554763508116
SHP0614,Factory A,Retailer Z,54.84618909674044,4.722875989808413
SHP0615,Warehouse C,Retailer X,46.21469746810568,3.5646105909876136
SHP0616,Warehouse C,Retailer Z,45.62283096626684,3.5546973973024465
SHP0617,Factory B,Retailer Y,26.552137869550144,3.862883311949346
SHP0618,Warehouse C,Retailer X,63.246646657207386,3.740504615868357
SHP0619,Factory A,Retailer Y,48.83244204480797,3.611942012139566
SHP0620,Factory B,Retailer Z,47.29280129614062,3.104762772277344
SHP0621,Factory A,Retailer Z,97.8966135176729,3.735734178567998
SHP0622,Factory A,Retailer Y,54.48129362548529,4.4410122482375165
SHP0623,Factory B,Retailer X,38.72313424857224,4.172710023077489
SHP0624,Warehouse C,Retailer X,43.60463605691685,4.296593313319699
SHP0625,Factory A,Retailer Z,67.22668563795132,3.2443921617844076
SHP0626,Factory A,Retailer Y,51.69905615806647,3.0051975898707095
SHP0627,Factory A,Retailer Y,28.4258303252395,3.437106539950176
SHP0628,Factory A,Retailer X,63.78843401862805,3.5278624561443475
SHP0629,Factory B,Retailer X,39.97783871691509,4.047095759235474
SHP0630,Factory B,Retailer X,78.09946664326318,2.6537676851425904
SHP0631,Factory A,Retailer Y,66.20072098571973,4.2647751597303065
SHP0632,Warehouse C,Retailer X,43.29017156511873,3.4209960507105053
SHP0633,Factory A,Retailer X,69.2152454260267,3.28655946502629
SHP0634,Warehouse C,Retailer Z,51.01783265791105,2.993947812369916
SHP0635,Factory A,Retailer X,62.79160512683329,2.6725716640671155
SHP0636,Warehouse C,Retailer X,57.27099225941712,3.9115852919809573
SHP0637,Factory A,Retailer Y,37.3046501751369,3.5366589835942017
SHP0638,Warehouse C,Retailer Y,40.346752515238066,2.855019550129473
SHP0639,Factory A,Retailer Z,65.44941226371742,2.852460613968192
SHP0640,Factory A,Retailer X,44.97837001840189,3.332107650354936
SHP0641,Warehouse C,Retailer Z,43.94527305137005,4.334510762644697
SHP0642,Factory B,Retailer Y,35.673161309759706,3.3702043243181974
SHP0643,Warehouse C,Retailer Z,56.353985983901914,2.748428523440947
SHP0644,Factory B,Retailer Y,80.93787378864718,3.3771284679570277
SHP0645,Factory A,Retailer Z,33.9870062861859,3.363638215126165
SHP0646,Warehouse C,Retailer Z,50.36329185009137,2.1515566785292144
SHP0647,Warehouse C,Retailer X,71.18330833123144,3.472852566741094
SHP0648,Warehouse C,Retailer Z,48.805379131314275,3.384532734895661
SHP0649,Factory B,Retailer X,56.78557694374601,3.8481031824067093
SHP0650,Factory B,Retailer X,34.0640970777968,4.424478047472673
SHP0651,Factory A,Retailer X,56.42460645811473,4.063282514773879
SHP0652,Factory B,Retailer X,47.192836024931765,3.3655556547225847
SHP0653,Factory B,Retailer Z,64.78594993519795,2.946737045629165
SHP0654,Factory A,Retailer Y,67.81079077347127,4.786679901624931
SHP0655,Warehouse C,Retailer Y,88.84345463027921,3.529609217007244
SHP0656,Warehouse C,Retailer Y,58.69449759820363,3.506964645956473
SHP0657,Factory A,Retailer Z,54.886944748732496,3.4879374564449983
SHP0658,Warehouse C,Retailer X,52.91576452366004,3.5990423803839273
SHP0659,Factory B,Retailer Y,44.702505607839676,3.4278197940380286
SHP0660,Factory A,Retailer Z,55.077257651925365,3.2131689965598818
SHP0661,Factory A,Retailer X,45.56897884791456,3.2265705293798037
SHP0662,Factory A,Retailer Y,52.52691464404421,3.4836233648920008
SHP0663,Warehouse C,Retailer X,69.7639630341194,3.2282876144331176
SHP0664,Factory A,Retailer Y,34.90186152080538,3.1435771086614177
SHP0665,Factory A,Retailer Y,67.09817841693568,3.5532151138459485
SHP0666,Factory A,Retailer Y,69.75672601009798,3.3725113912895726
SHP0667,Warehouse C,Retailer X,48.22897209513382,4.251996494291344
SHP0668,Factory B,Retailer Z,18.172176514871083,2.174515095803494
SHP0669,Factory A,Retailer X,40.882670193583515,4.045753425961231
SHP0670,Factory B,Retailer Y,69.45491819841664,4.123042596248815
SHP0671,Warehouse C,Retailer X,49.656979065516765,2.4633048837959253
SHP0672,Warehouse C,Retailer Z,35.01046651557634,3.3286562029598254
SHP0673,Warehouse C,Retailer X,42.42837618157674,3.3142795670021044
SHP0674,Warehouse C,Retailer Z,62.6093003975683,2.7962441526410893
SHP0675,Factory B,Retailer Z,58.20100352302069,3.1110916562045623
SHP0676,Factory A,Retailer X,46.416018512454585,2.9447120772670856
SHP0677,Warehouse C,Retailer Y,44.49763382277969,4.376135221711811
SHP0678,Warehouse C,Retailer Z,44.12362776434267,3.9678391965737307
SHP0679,Factory B,Retailer X,36.163847232522464,4.13577754749708
SHP0680,Factory B,Retailer Z,74.23063534204162,3.8608360320216177
SHP0681,Warehouse C,Retailer Y,45.1651929618299,2.9354741143913854
SHP0682,Factory A,Retailer X,68.25737781238244,3.237739866860113
SHP0683,Factory A,Retailer X,72.81974077883677,3.744687280613959
SHP0684,Warehouse C,Retailer X,64.9746634722194,2.888936095554027
SHP0685,Factory B,Retailer Y,43.52569530922928,3.856499215086194
SHP0686,Warehouse C,Retailer Z,56.05595135504914,3.3798373009209324
SHP0687,Warehouse C,Retailer X,49.63706590413626,3.312589596225201
SHP0688,Factory B,Retailer Z,36.44447208904808,3.8554799841017457
SHP0689,Warehouse C,Retailer Z,54.865389225824046,3.72213165574302
SHP0690,Warehouse C,Retailer Y,32.31440313260296,3.31951691709046
SHP0691,Warehouse C,Retailer X,67.81519082692346,4.079664901682124
SHP0692,Factory B,Retailer Z,43.03074054052411,2.959468336200051
SHP0693,Factory A,Retailer X,53.01739483809259,3.807967803472132
SHP0694,Factory A,Retailer X,54.24931807319213,3.7965506289841917
SHP0695,Factory B,Retailer Y,46.11642539443884,3.3452267803430047
SHP0696,Factory A,Retailer X,58.80040702212912,3.663066511121059
SHP0697,Warehouse C,Retailer X,42.876445150662136,2.8744432118073484
SHP0698,Factory A,Retailer Z,63.06945946185866,3.9620135096034503
SHP0699,Warehouse C,Retailer Y,29.810304796298773,3.4075489317785053
SHP0700,Factory A,Retailer X,51.89569369319618,3.23863848974048
SHP0701,Factory B,Retailer Z,79.08393498587427,4.024504612918444
SHP0702,Factory A,Retailer Y,34.995030130916376,3.14782815472862
SHP0703,Factory A,Retailer Y,39.83382544212723,2.7957693518182203
SHP0704,Factory A,Retailer Z,57.708617744883725,2.721685413238048
SHP0705,Factory B,Retailer Z,52.69372672909397,3.80300497567282
SHP0706,Factory A,Retailer Z,55.25945148910339,2.8597853237518587
SHP0707,Factory B,Retailer Z,57.337806952214954,4.377397090992182
SHP0708,Warehouse C,Retailer Z,59.52082202842655,2.459035296058139
SHP0709,Factory A,Retailer X,66.64549762934334,4.348228184145019
SHP0710,Factory B,Retailer X,56.147279853927685,3.6055087336013094
SHP0711,Factory B,Retailer Y,46.38113518072186,3.451643444064804
SHP0712,Factory A,Retailer X,60.08860551804097,3.2275404565955252
SHP0713,Warehouse C,Retailer X,78.49822902342824,3.6995680571760357
SHP0714,Factory B,Retailer X,48.010493804261394,3.4811826487875757
SHP0715,Factory A,Retailer Z,35.38206042994038,4.051650941008261
SHP0716,Warehouse C,Retailer Y,66.60621003930459,3.5571138243310196
SHP0717,Factory B,Retailer Y,48.19428254069603,3.5751508807309387
SHP0718,Factory B,Retailer Y,17.409956809789456,3.318193893893072
SHP0719,Warehouse C,Retailer Y,62.711325157256326,3.4715271881394663
SHP0720,Warehouse C,Retailer X,41.97007721069116,3.6539008844460295
SHP0721,Factory A,Retailer X,48.64200076543759,2.644915803671687
SHP0722,Factory A,Retailer Z,54.979704958535216,2.8259072889471435
SHP0723,Factory B,Retailer Y,52.857495196685996,3.8716320470113574
SHP0724,Warehouse C,Retailer X,60.64177725708559,3.585432719063971
SHP0725,Warehouse C,Retailer X,43.46770444145235,3.4080083318236603
SHP0726,Warehouse C,Retailer Z,57.69658697264124,3.5092169665326964
SHP0727,Factory B,Retailer Z,46.106799836241244,3.6737908526808356
SHP0728,Warehouse C,Retailer Z,61.08215721331254,3.230120159845319
SHP0729,Warehouse C,Retailer X,59.2305122601958,3.1108476372988436
SHP0730,Factory B,Retailer X,35.96841946933107,3.597922627548841
SHP0731,Factory A,Retailer Z,66.28973174262549,3.010813611192484
SHP0732,Factory A,Retailer Y,41.96054832328928,3.7041263778572358
SHP0733,Factory B,Retailer Z,62.12086697421718,2.6487081978810796
SHP0734,Warehouse C,Retailer Z,55.50930970102011,4.014577818662822
SHP0735,Factory B,Retailer Z,77.57275515192684,3.7362987412065216
SHP0736,Factory A,Retailer Z,46.64801026442222,3.6280148671569377
SHP0737,Factory A,Retailer X,44.760248058227035,3.991345491972757
SHP0738,Factory B,Retailer Y,49.708705911684014,4.332737222231288
SHP0739,Factory B,Retailer Z,45.452303257485866,4.007185032509065
SHP0740,Factory A,Retailer Y,61.99912852913075,2.5795628843341776
SHP0741,Factory B,Retailer Y,25.755340873451182,2.860211516632149
SHP0742,Factory A,Retailer Y,34.194763712804686,3.1875907111521604
SHP0743,Factory B,Retailer Z,33.9829561763121,3.513045525105417
SHP0744,Factory B,Retailer X,64.25461387960364,3.7588295102345617
SHP0745,Factory B,Retailer Z,75.65920058872888,3.137128093423267
SHP0746,Factory A,Retailer Y,48.433261721937924,3.5933833822385393
SHP0747,Factory B,Retailer Y,47.46767415214984,3.1223085338233387
SHP0748,Factory A,Retailer X,51.050782446697724,3.1942410985040257
SHP0749,Factory A,Retailer Z,67.42817453912286,2.7966694515758888
SHP0750,Factory B,Retailer Y,36.089702987141386,3.038383376944548
SHP0751,Factory B,Retailer X,53.57553474102178,2.824157697191833
SHP0752,Factory A,Retailer Y,64.62796444673644,3.012063373511334
SHP0753,Factory A,Retailer X,57.51641254909768,4.02682089830392
SHP0754,Warehouse C,Retailer X,52.843724248981154,3.0253005555840287
SHP0755,Factory A,Retailer Z,65.01569138850712,4.816191032418695
SHP0756,Warehouse C,Retailer Y,10.0,3.7466589504404446
SHP0757,Warehouse C,Retailer Z,60.16812979296361,3.592418061847437
SHP0758,Warehouse C,Retailer Y,40.188864753088644,3.070821109909393
SHP0759,Factory B,Retailer Z,22.540506547153146,3.850154939704496
SHP0760,Factory B,Retailer Y,57.66803899287471,3.212181086881113
SHP0761,Factory A,Retailer Z,70.60487817744436,3.5610049073226806
SHP0762,Warehouse C,Retailer X,47.93827228058462,4.780042269134397
SHP0763,Factory B,Retailer Y,64.29311820804408,3.451970050137675
SHP0764,Factory B,Retailer Y,74.18417386982968,4.074636663142838
SHP0765,Factory B,Retailer X,69.72371680376071,3.1484117874370563
SHP0766,Factory B,Retailer Z,74.59946794057089,3.4825057547515192
SHP0767,Factory B,Retailer Y,61.13191236607838,4.385400317817755
SHP0768,Warehouse C,Retailer Y,51.13150458352389,3.1865164711061165
SHP0769,Warehouse C,Retailer Z,25.970512821542474,4.406224278998464
SHP0770,Warehouse C,Retailer X,46.30906267805077,3.853875967727738
SHP0771,Warehouse C,Retailer Z,37.35130107025712,3.218766612052866
SHP0772,Factory A,Retailer Z,82.5641407624672,3.8162038695277607
SHP0773,Warehouse C,Retailer Z,47.36171281351495,3.986277224813365
SHP0774,Factory B,Retailer Y,51.848072101767286,3.810904981108598
SHP0775,Warehouse C,Retailer X,58.272280640607015,2.714887640054772
SHP0776,Factory A,Retailer X,50.654036695586804,3.136431412087566
SHP0777,Factory B,Retailer Z,75.4257656064613,3.3762406822242474
SHP0778,Warehouse C,Retailer Y,40.66025957398322,3.462783285449977
SHP0779,Warehouse C,Retailer Z,52.91911182855864,3.810336048775339
SHP0780,Warehouse C,Retailer Y,38.86294121452927,3.588850500466627
SHP0781,Factory B,Retailer Y,30.199662331689414,2.8323278206449496
SHP0782,Factory B,Retailer Y,40.82346363642072,3.6900989255029817
SHP0783,Factory A,Retailer Y,49.44444804427382,3.8052928726419117
SHP0784,Factory B,Retailer X,43.5604666322411,3.7798952239655197
SHP0785,Factory B,Retailer Y,39.61368530189216,4.040390362777311
SHP0786,Warehouse C,Retailer Y,28.90523804492249,3.916961077274452
SHP0787,Factory B,Retailer Z,48.75341641056958,3.7295900396142185
SHP0788,Warehouse C,Retailer Z,27.429194389534967,3.4649171442706765
SHP0789,Warehouse C,Retailer X,61.40083945534404,2.6695195332420045
SHP0790,Factory B,Retailer Z,51.23659629401755,3.7148091095662927
SHP0791,Factory A,Retailer Y,28.13672750802604,3.6038438435815556
SHP0792,Factory A,Retailer Z,45.36186384425205,3.6357894185976867
SHP0793,Factory B,Retailer X,38.71765391614125,2.8616257120898454
SHP0794,Factory A,Retailer Z,54.78761765628771,2.959471729795869
SHP0795,Warehouse C,Retailer Z,70.10675669034717,4.026576426666452
SHP0796,Warehouse C,Retailer X,21.87241295531383,3.4802224230716723
SHP0797,Factory B,Retailer X,51.72539118721126,3.840750348686312
SHP0798,Factory A,Retailer Y,47.59800806650039,3.5141591880652308
SHP0799,Factory A,Retailer Z,60.07010114675698,3.5148780697478728
SHP0800,Warehouse C,Retailer Y,53.19794942356533,3.9691419029879986
SHP0801,Factory B,Retailer Z,38.72046002391771,3.2419776358913133
SHP0802,Factory A,Retailer Z,45.214190965000725,3.5480603884704918
SHP0803,Factory B,Retailer Y,38.05961214794766,3.268862355647479
SHP0804,Factory A,Retailer Z,66.14010707897897,3.282751886283842
SHP0805,Warehouse C,Retailer Z,50.319674730079136,3.3454139382656805
SHP0806,Warehouse C,Retailer Z,78.5178602862951,3.6110668858168564
SHP0807,Factory B,Retailer X,49.090087792780686,3.2606256891682612
SHP0808,Warehouse C,Retailer Y,39.37389849634306,4.127878062786761
SHP0809,Factory A,Retailer X,27.29428411080759,3.052696348890248
SHP0810,Warehouse C,Retailer Y,22.952904856160824,3.4065641779193205
SHP0811,Factory B,Retailer Y,26.237960854917652,3.2801344708629125
SHP0812,Factory B,Retailer Z,54.00689976517225,4.223488942176866
SHP0813,Factory B,Retailer Y,57.63087534844901,3.5982773882557875
SHP0814,Factory A,Retailer X,26.282139469518,4.015922269734317
SHP0815,Factory A,Retailer X,63.425574711141735,2.7572198134815142
SHP0816,Factory A,Retailer X,42.75408422474841,3.633525132934629
SHP0817,Factory A,Retailer Y,52.20189517978324,3.9448153978117184
SHP0818,Factory A,Retailer X,74.18330942383136,3.5411419946377123
SHP0819,Warehouse C,Retailer Y,63.452589737982976,4.032740187532676
SHP0820,Factory A,Retailer X,45.97204028141252,3.241355774949814
SHP0821,Factory A,Retailer X,36.63211661877069,4.20467372009279
SHP0822,Warehouse C,Retailer Y,17.722768980060422,4.649449061809625
SHP0823,Factory A,Retailer X,39.212700211363696,3.3185807197801704
SHP0824,Factory B,Retailer Z,46.83304641758458,3.277248739299614
SHP0825,Factory A,Retailer Y,35.19230709273224,4.226692238558851
SHP0826,Factory A,Retailer Y,48.031145493615426,4.289786072865356
SHP0827,Factory B,Retailer Y,51.15277824438152,3.2385699864233657
SHP0828,Factory B,Retailer Z,46.627160272878825,3.2899065914520715
SHP0829,Factory B,Retailer Y,40.249961287648105,3.3591076955697465
SHP0830,Factory B,Retailer X,52.529820079500915,2.8277747444828614
SHP0831,Factory A,Retailer X,56.629109743541136,3.040674026757901
SHP0832,Factory B,Retailer X,33.64401383835731,2.997929616623966
SHP0833,Factory B,Retailer Y,71.16398569619405,3.1161012174479357
SHP0834,Warehouse C,Retailer X,48.521178015736076,3.4826575563066093
SHP0835,Factory B,Retailer Y,50.28274434417271,3.6171073662682605
SHP0836,Factory B,Retailer X,60.62321634884836,4.2752502464070385
SHP0837,Warehouse C,Retailer Z,53.49824196895253,3.0008229796306045
SHP0838,Warehouse C,Retailer Z,64.29704950869868,3.992161199238292
SHP0839,Factory A,Retailer Z,54.30686247802736,3.3930055778872457
SHP0840,Warehouse C,Retailer Z,40.81343938039343,3.4752681451737835
SHP0841,Factory A,Retailer Y,55.42255287809152,3.837409746083302
SHP0842,Warehouse C,Retailer X,32.844106890190076,2.938638989218851
SHP0843,Warehouse C,Retailer Z,51.62839558664785,3.6912048730920253
SHP0844,Factory A,Retailer Y,49.50155014033309,3.583226104106528
SHP0845,Warehouse C,Retailer Z,46.8782471409119,3.7462256320040748
SHP0846,Factory A,Retailer Z,48.07193732841604,3.644584321953909
SHP0847,Warehouse C,Retailer Y,21.772264317535413,4.727650069955447
SHP0848,Factory B,Retailer Y,41.76912638388558,3.181130007874342
SHP0849,Warehouse C,Retailer X,51.39267351711672,3.234501522499091
SHP0850,Factory A,Retailer X,52.397845879961004,3.1884297367876178
SHP0851,Warehouse C,Retailer Z,34.58487288611063,3.2222614404198726
SHP0852,Factory A,Retailer Z,68.98561761297051,3.181306436346741
SHP0853,Factory A,Retailer X,37.007377276782485,4.094508265553776
SHP0854,Factory B,Retailer X,64.54185800790106,4.210252123994928
SHP0855,Factory B,Retailer Y,56.40791542807527,3.214626853125262
SHP0856,Factory A,Retailer X,40.30659035234295,3.0838222134478857
SHP0857,Warehouse C,Retailer X,76.62966338914268,3.735707778193202
SHP0858,Factory A,Retailer Z,32.095447523652794,3.2238884778595143
SHP0859,Factory A,Retailer X,63.787312604150024,3.8164659088777553
SHP0860,Warehouse C,Retailer Z,65.00873477064468,3.6014615104256498
SHP0861,Warehouse C,Retailer X,39.94069686385033,2.742127942501384
SHP0862,Warehouse C,Retailer Y,70.88697950096493,4.273752600665031
SHP0863,Warehouse C,Retailer X,46.24930228101571,4.397938836547761
SHP0864,Factory A,Retailer X,54.33040443919786,3.193605654757807
SHP0865,Factory A,Retailer X,53.90482758156831,3.3061492200320077
SHP0866,Factory B,Retailer Z,47.98536887794178,3.6429326953624526
SHP0867,Factory A,Retailer Y,62.16212409739673,3.6672283949935123
SHP0868,Warehouse C,Retailer X,61.902330808283196,3.829272136336415
SHP0869,Factory B,Retailer Z,23.772020401427287,4.505102269383174
SHP0870,Warehouse C,Retailer Y,69.56510364317229,3.411526386252975
SHP0871,Factory A,Retailer Z,25.062620179464886,3.1008513777307734
SHP0872,Factory B,Retailer Z,65.48819306512486,2.8103403859927365
SHP0873,Warehouse C,Retailer Y,66.90057705241375,3.1345349800290405
SHP0874,Factory B,Retailer X,33.63550354677203,3.4834365135631016
SHP0875,Factory B,Retailer Z,43.83778568068123,4.397278931758894
SHP0876,Factory A,Retailer Z,33.41442997271096,3.2411943504819143
SHP0877,Warehouse C,Retailer X,46.77618454566897,3.611893975819449
SHP0878,Factory B,Retailer X,45.379485737213884,3.491788551963624
SHP0879,Factory B,Retailer Y,61.6949079840401,4.094196636724042
SHP0880,Warehouse C,Retailer Y,69.65463119179412,4.763466212936811
SHP0881,Factory B,Retailer Y,70.93525716184934,3.2345656135398397
SHP0882,Factory B,Retailer X,41.567479601325466,3.255280278740889
SHP0883,Factory B,Retailer Z,46.86167189383208,4.022080438534536
SHP0884,Warehouse C,Retailer Z,24.748427116685747,3.8409457448131556
SHP0885,Warehouse C,Retailer Y,37.911949002557165,4.423353662868017
SHP0886,Warehouse C,Retailer X,64.47277449646187,3.791964092662982
SHP0887,Warehouse C,Retailer Z,74.23374235322348,3.32035395460647
SHP0888,Factory A,Retailer Y,31.48476692180117,3.7953274153461547
SHP0889,Factory B,Retailer Z,41.11303611270659,4.054351790291454
SHP0890,Warehouse C,Retailer Z,49.603913645616096,3.910241090598682
SHP0891,Factory B,Retailer X,54.2024173822941,3.753637015553649
SHP0892,Factory B,Retailer X,37.85594720117531,4.033337344794577
SHP0893,Factory A,Retailer Z,56.36091566696135,4.084647795222836
SHP0894,Warehouse C,Retailer Y,42.89240979393626,4.191079495518764
SHP0895,Warehouse C,Retailer X,49.78321593682581,3.8243549437948214
SHP0896,Factory B,Retailer Z,58.194263720055496,3.416440959841573
SHP0897,Warehouse C,Retailer X,50.09633404716407,3.5733568432166614
SHP0898,Factory B,Retailer X,43.45421164210147,4.103254483254179
SHP0899,Factory B,Retailer X,48.35585294111254,3.091532164506382
SHP0900,Factory A,Retailer Z,48.67455561191997,3.6843366544364504
SHP0901,Factory A,Retailer Y,44.449834551768085,3.3033305938363196
SHP0902,Factory A,Retailer Y,46.11805905999346,3.514372411467409
SHP0903,Factory B,Retailer Y,73.97970755757075,4.139225931303649
SHP0904,Warehouse C,Retailer X,58.41379171911858,3.5955495340099515
SHP0905,Factory A,Retailer Z,45.56779522956259,3.5232182740780744
SHP0906,Warehouse C,Retailer X,60.45431606766103,2.8200719295100405
SHP0907,Factory A,Retailer Y,44.99270765365985,3.8731267830136105
SHP0908,Factory A,Retailer Y,67.59686956379961,3.8227420905705376
SHP0909,Factory B,Retailer Z,55.544632882971406,4.58162736165273
SHP0910,Factory A,Retailer X,48.39046783993657,3.3461108825234995
SHP0911,Factory A,Retailer Y,56.715753887154165,3.6095751638319693
SHP0912,Factory B,Retailer Z,26.43685771897251,3.6246918418553777
SHP0913,Warehouse C,Retailer X,33.09848796635292,4.288726639881737
SHP0914,Factory A,Retailer X,32.091124904014166,3.452352233806524
SHP0915,Factory B,Retailer Y,52.1441464214556,3.6395107628851697
SHP0916,Factory A,Retailer Y,75.98772499227638,3.8039482548582697
SHP0917,Factory B,Retailer X,83.46950219288948,3.593304561578179
SHP0918,Warehouse C,Retailer X,59.57076652161136,3.2767831927247357
SHP0919,Warehouse C,Retailer Y,57.51266712416685,3.5970449964491538
SHP0920,Factory B,Retailer X,22.984133987708915,4.036815874929886
SHP0921,Factory B,Retailer Y,41.859893003989676,2.98674235029447
SHP0922,Factory B,Retailer X,38.183243721376414,3.566484837073438
SHP0923,Warehouse C,Retailer Y,40.68728602623326,3.1499395925304134
SHP0924,Factory A,Retailer Z,47.47784272122816,4.097523314462421
SHP0925,Warehouse C,Retailer Y,42.91864133454309,2.7384065476081125
SHP0926,Factory B,Retailer Y,20.310502844363185,3.2205390763642057
SHP0927,Factory B,Retailer Z,61.21865384176301,3.6886059375322606
SHP0928,Warehouse C,Retailer X,33.9088546139029,4.2827620146171705
SHP0929,Factory B,Retailer Z,53.588702961667245,3.467124869463506
SHP0930,Warehouse C,Retailer Y,81.1112400462496,3.222400236653401
SHP0931,Factory B,Retailer X,36.20923112620365,4.440578534720295
SHP0932,Factory A,Retailer Z,12.045687158805052,2.775993049791878
SHP0933,Factory A,Retailer X,45.70993667179834,2.400597021689959
SHP0934,Factory B,Retailer X,66.51439452497857,3.720007225026666
SHP0935,Warehouse C,Retailer Z,79.37521181330891,3.2489728878236943
SHP0936,Factory A,Retailer X,31.55675608321375,2.9893835914346436
SHP0937,Warehouse C,Retailer Z,57.45048834854782,3.8541782236496767
SHP0938,Factory B,Retailer Y,43.0203431482992,3.6219003568855994
SHP0939,Warehouse C,Retailer X,48.410774685437964,3.217960684631636
SHP0940,Factory A,Retailer Y,89.66515020525551,2.8598478006645527
SHP0941,Warehouse C,Retailer Y,27.455445074072703,3.9362286641400726
SHP0942,Warehouse C,Retailer X,53.8060949224186,3.8251005889793306
SHP0943,Factory B,Retailer Z,57.0153975764815,3.4504120681103085
SHP0944,Factory B,Retailer X,66.2867948740902,4.423318498023833
SHP0945,Factory B,Retailer Y,51.46974730206343,2.964957616836924
SHP0946,Factory A,Retailer Y,54.62075809256154,2.7372374145376304
SHP0947,Factory A,Retailer Z,44.125271488673135,3.1540459650593777
SHP0948,Factory B,Retailer X,54.03690411867661,3.4772069918222512
SHP0949,Factory B,Retailer Y,44.85211586753884,3.621669724661346
SHP0950,Factory A,Retailer Y,59.323578347840765,3.379381971071835
SHP0951,Factory A,Retailer Y,44.45584495934549,3.6760276982571485
SHP0952,Factory A,Retailer Z,55.65650590853279,2.874230287904778
SHP0953,Factory A,Retailer Y,49.56105779472532,4.221882302036629
SHP0954,Factory B,Retailer Y,66.89075376158252,3.4589244108037156
SHP0955,Factory A,Retailer X,49.229094146172706,4.058647915794063
SHP0956,Factory B,Retailer X,23.40451297689678,3.671362673188852
SHP0957,Warehouse C,Retailer Y,68.92882251070988,3.728376609576892
SHP0958,Warehouse C,Retailer Y,36.414015487060716,3.784883640116102
SHP0959,Factory A,Retailer X,40.1935049202677,3.7238542800086574
SHP0960,Warehouse C,Retailer Z,41.065080589347616,3.821361379933772
SHP0961,Warehouse C,Retailer Z,70.61657139756227,4.1645762650662155
SHP0962,Warehouse C,Retailer Z,17.964886790319568,3.598260584850735
SHP0963,Factory A,Retailer Z,97.0662280048999,3.854501878794256
SHP0964,Factory A,Retailer Z,65.84085213599077,3.4551321528563865
SHP0965,Warehouse C,Retailer Z,53.348583711937394,4.220058607724736
SHP0966,Factory B,Retailer Z,49.1765899907557,3.161803848970365
SHP0967,Warehouse C,Retailer Z,54.28331112286485,4.400470216455408
SHP0968,Factory A,Retailer X,57.81683642569008,3.4799210246778283
SHP0969,Factory A,Retailer Z,59.678233789250854,2.784612448940976
SHP0970,Factory A,Retailer Z,58.334066990051724,3.5640522074553944
SHP0971,Warehouse C,Retailer Z,51.34371021882873,3.1594741712625596
SHP0972,Factory B,Retailer Y,47.03992369539011,3.920321774494362
SHP0973,Factory A,Retailer X,47.730900745197324,3.1736880103488048
SHP0974,Factory A,Retailer X,47.07637579470978,3.27690828339261
SHP0975,Warehouse C,Retailer X,67.00655145300597,2.5552296345272345
SHP0976,Factory B,Retailer Z,58.90335083421293,3.2738468403754615
SHP0977,Warehouse C,Retailer Z,10.0,2.288060336685522
SHP0978,Factory A,Retailer Y,59.83851164794642,2.7080485882571383
SHP0979,Factory B,Retailer X,52.92104292078162,3.8802073280721485
SHP0980,Factory B,Retailer Z,49.71936865331154,16.949818861265427
SHP0981,Factory A,Retailer X,44.17222320366671,18.601223971892047
SHP0982,Factory B,Retailer Y,66.86169079979021,17.7985098889335
SHP0983,Factory B,Retailer Y,64.21289693184286,10.396188253483572
SHP0984,Warehouse C,Retailer Y,38.40683498264586,14.805069472578289
SHP0985,Factory A,Retailer X,56.105784306868024,11.049301784181749
SHP0986,Factory A,Retailer Z,35.42514898188071,12.420450158625275
SHP0987,Factory A,Retailer Z,29.30572752816604,19.866625932671464
SHP0988,Factory A,Retailer Y,40.59924163115052,11.424955429015132
SHP0989,Factory A,Retailer Z,62.93590208574138,14.98888153451356
SHP0990,Factory B,Retailer Y,64.2968756806413,16.18155734318119
SHP0991,Warehouse C,Retailer X,57.69628130145939,17.02464970544104
SHP0992,Factory A,Retailer Y,60.87643680271996,15.596486834869141
SHP0993,Warehouse C,Retailer X,57.742674306724375,10.097708474191837
SHP0994,Warehouse C,Retailer Y,40.37777607165572,13.264613082439919
SHP0995,Factory B,Retailer Z,56.47883817010911,15.177116433847115
SHP0996,Factory A,Retailer Z,62.00614287841523,10.878664991448334
SHP0997,Factory B,Retailer Y,61.314369947203616,13.506269312091808
SHP0998,Factory A,Retailer Z,67.83370057211964,10.332031087913666
SHP0999,Factory B,Retailer Z,60.624557708015956,10.785784971550207
